{
    "pearson": 0.032865269185390684,
    "kendall": -0.0902548880742525,
    "spearman": -0.1464770275253526,
    "compound": -0.06795554880473814
}